Year,Current health expenditure (% of GDP)
2000,4.639261
2001,4.803683
2002,4.958624
2003,5.169111
2004,5.344938
2005,5.314368
2006,5.873446
2007,5.99707
2008,6.049857
2009,6.027808
2010,6.116751
2011,5.811704
2012,5.613698
2013,5.519423
2014,5.459341
2015,5.219388
2016,5.140905
2017,5.140905
2018,5.167295
